CustomerID,Gender,Age,Annual Income (k$),Spending Score (1-100),DBSCAN_Cluster
8,Female,23,18,94,-1
12,Female,35,19,99,-1
20,Female,35,23,98,-1
34,Male,18,33,92,-1
39,Female,36,37,26,-1
42,Male,24,38,92,-1
170,Male,32,87,63,-1
181,Female,37,97,32,-1
185,Female,41,99,39,-1
186,Male,30,99,97,-1
187,Female,54,101,24,-1
188,Male,28,101,68,-1
189,Female,41,103,17,-1
191,Female,34,103,23,-1
192,Female,32,103,69,-1
193,Male,33,113,8,-1
194,Female,38,113,91,-1
195,Female,47,120,16,-1
196,Female,35,120,79,-1
197,Female,45,126,28,-1
198,Male,32,126,74,-1
199,Male,32,137,18,-1
200,Male,30,137,83,-1
